{"version":0,"bundler":"metro","fileMetadata":{"web":{"bundle":"bundles/web-a5676d4ba44d3537ef69ad9e8b6b40bc.js","assets":[{"path":"assets/35ba0eaec5a4f5ed12ca16fabeae451d","ext":"png"},{"path":"assets/5223c8d9b0d08b82a5670fb5f71faf78","ext":"png"},{"path":"assets/b6c297a501e289394b0bc5dc69c265e6","ext":"png"},{"path":"assets/5974eb3e1c5314e8d5a822702d7d0740","ext":"png"},{"path":"assets/9d9c5644f55c2f6e4b7f247c378b2fe9","ext":"png"},{"path":"assets/563d5e3294b67811d0a1aede6f601e30","ext":"png"},{"path":"assets/5b50965d3dfbc518fe50ce36c314a6ec","ext":"png"},{"path":"assets/e62addcde857ebdb7342e6b9f1095e97","ext":"png"},{"path":"assets/4f355ba1efca4b9c0e7a6271af047f61","ext":"png"},{"path":"assets/817aca47ff3cea63020753d336e628a4","ext":"png"},{"path":"assets/369745d4a4a6fa62fa0ed495f89aa964","ext":"png"},{"path":"assets/3a2ba31570920eeb9b1d217cabe58315","ext":"ttf"},{"path":"assets/31b5ffea3daddc69dd01a1f3d6cf63c5","ext":"ttf"},{"path":"assets/140c53a7643ea949007aa9a282153849","ext":"ttf"},{"path":"assets/a76d309774d33d9856f650bed4292a23","ext":"ttf"},{"path":"assets/b49ae8ab2dbccb02c4d11caaacf09eab","ext":"ttf"},{"path":"assets/b06871f281fee6b241d60582ae9369b9","ext":"ttf"},{"path":"assets/1f77739ca9ff2188b539c36f30ffa2be","ext":"ttf"},{"path":"assets/605ed7926cf39a2ad5ec2d1f9d391d3d","ext":"ttf"},{"path":"assets/3b89dd103490708d19a95adcae52210e","ext":"ttf"},{"path":"assets/e20945d7c929279ef7a6f1db184a4470","ext":"ttf"},{"path":"assets/b3263095df30cb7db78c613e73f9499a","ext":"ttf"},{"path":"assets/b62641afc9ab487008e996a5c5865e56","ext":"ttf"},{"path":"assets/8ef52a15e44481b41e7db3c7eaf9bb83","ext":"ttf"},{"path":"assets/f7c53c47a66934504fcbc7cc164895a7","ext":"ttf"},{"path":"assets/d2285965fe34b05465047401b8595dd0","ext":"ttf"},{"path":"assets/1681f34aaca71b8dfb70756bca331eb2","ext":"ttf"},{"path":"assets/1a6fc5e5886c82c98d9cab26abd0bd0f","ext":"jpg"},{"path":"assets/92310b58b17a8f5f7827fb673fcdcde2","ext":"jpg"},{"path":"assets/4c894aa80efac779a451498f7bb2fa9a","ext":"jpg"},{"path":"assets/21c434ee06af172a5f2d2b4dc24e83dc","ext":"jpg"},{"path":"assets/cca1329e17f6ec4acea9ffbf10c7291a","ext":"jpg"},{"path":"assets/baa44d94e1dca0e5b23b411f759759ae","ext":"jpg"},{"path":"assets/cf3cfb372aa4d2786c74563957d18ea2","ext":"jpg"},{"path":"assets/3590491918128a512b8c6e79098a2aa0","ext":"jpg"},{"path":"assets/57b61afac24709845096b5c075df0d7e","ext":"jpg"},{"path":"assets/6ac9d8417a42b352c2686a5a729d2053","ext":"jpg"},{"path":"assets/3ed0863ed254c8e2ca3c2d087f778c76","ext":"jpg"},{"path":"assets/b47c0cfa38bf97d557aa163654a43a55","ext":"jpg"},{"path":"assets/0f46829e31cf2055ae46103ae5fdf437","ext":"png"},{"path":"assets/1b2b4fd61eaec00d95d7815cb48b58e4","ext":"jpeg"},{"path":"assets/f3a488d5136a517ebf40c5137f0406f4","ext":"png"}]}}}